City_ID,City,Country,Date,Lat,Lng,Max Temp,Humidity,Cloudiness,Wind Speed
0,Mahebourg,MU,2022-01-21 16:26:34,-20.4081,57.7,82.69,89,75,14.97
1,Hayden,US,2022-01-21 16:21:45,47.766,-116.7866,33.96,95,75,3.44
2,Yellowknife,CA,2022-01-21 16:26:35,62.456,-114.3525,-25.08,75,20,5.75
3,Kodiak,US,2022-01-21 16:26:35,57.79,-152.4072,38.71,93,100,0.0
4,Ponta Do Sol,PT,2022-01-21 16:26:36,32.6667,-17.1,70.12,51,100,13.4
5,Khatanga,RU,2022-01-21 16:26:36,71.9667,102.5,15.89,94,100,15.57
6,Hilo,US,2022-01-21 16:21:58,19.7297,-155.09,69.24,88,75,4.61
7,Cape Town,ZA,2022-01-21 16:24:01,-33.9258,18.4232,93.11,46,0,5.01
8,Rikitea,PF,2022-01-21 16:26:37,-23.1203,-134.9692,77.81,75,100,9.62
9,Tuktoyaktuk,CA,2022-01-21 16:26:37,69.4541,-133.0374,-27.4,68,75,5.75
10,Castro,BR,2022-01-21 16:26:38,-24.7911,-50.0119,81.37,54,7,4.25
11,Paraibano,BR,2022-01-21 16:26:38,-6.4331,-43.9836,86.76,54,2,3.94
12,Faya,SA,2022-01-21 16:26:38,18.3851,42.4509,57.31,69,13,5.01
13,East London,ZA,2022-01-21 16:24:12,-33.0153,27.9116,77.94,83,20,11.5
14,Saint-Augustin,CA,2022-01-21 16:26:39,51.226,-58.6502,-4.31,74,1,10.2
15,Ponta Delgada,PT,2022-01-21 16:26:39,37.7333,-25.6667,65.12,63,20,20.71
16,Kavieng,PG,2022-01-21 16:26:40,-2.5744,150.7967,82.22,72,100,3.02
17,Busselton,AU,2022-01-21 16:23:07,-33.65,115.3333,77.09,43,1,8.88
18,Murgab,TM,2022-01-21 16:26:40,37.4966,61.9714,37.27,75,100,23.02
19,Tasiilaq,GL,2022-01-21 16:26:41,65.6145,-37.6368,26.76,72,100,6.02
20,Saint-Philippe,RE,2022-01-21 16:26:41,-21.3585,55.7679,83.79,80,53,14.65
21,Bay-Khaak,RU,2022-01-21 16:26:41,51.1667,94.5,10.22,97,100,0.29
22,Goundam,ML,2022-01-21 16:26:42,16.4145,-3.6708,81.34,10,0,12.46
23,Ortisoara,RO,2022-01-21 16:22:08,45.9636,21.1983,28.15,80,9,6.22
24,Albany,US,2022-01-21 16:23:49,42.6001,-73.9662,13.62,62,54,1.01
25,Punta Arenas,CL,2022-01-21 16:23:12,-53.15,-70.9167,69.82,76,40,6.91
26,Esperance,AU,2022-01-21 16:26:44,-33.8667,121.9,66.04,90,31,10.31
27,Longyearbyen,SJ,2022-01-21 16:26:44,78.2186,15.6401,21.04,68,40,26.46
28,Nuuk,GL,2022-01-21 16:26:44,64.1835,-51.7216,13.87,85,100,0.0
29,Viedma,AR,2022-01-21 16:25:33,-40.8135,-62.9967,81.46,15,0,15.26
30,Nikolskoye,RU,2022-01-21 16:26:45,59.7035,30.7861,28.29,96,100,6.91
31,Port Macquarie,AU,2022-01-21 16:26:45,-31.4333,152.9167,64.89,80,59,9.06
32,Luwuk,ID,2022-01-21 16:26:49,-0.9516,122.7875,77.16,90,100,3.8
33,Unisan,PH,2022-01-21 16:26:49,13.8392,121.9783,74.59,89,11,5.44
34,Salalah,OM,2022-01-21 16:26:49,17.0151,54.0924,78.89,38,0,21.85
35,Capitao Poco,BR,2022-01-21 16:22:48,-1.7464,-47.0594,89.65,51,25,4.72
36,Aberdeen,GB,2022-01-21 16:25:56,57.1437,-2.0981,47.5,76,14,1.14
37,Namatanai,PG,2022-01-21 16:26:50,-3.6667,152.4333,78.91,82,99,4.68
38,Sorland,NO,2022-01-21 16:26:51,67.667,12.6934,33.87,57,99,19.66
39,Rosario,AR,2022-01-21 16:26:51,-32.9468,-60.6393,100.94,40,0,1.01
40,Thompson,CA,2022-01-21 16:23:28,55.7435,-97.8558,1.56,78,75,16.11
41,Quesnel,CA,2022-01-21 16:26:52,52.9999,-122.5029,30.7,93,100,2.3
42,Sinnamary,GF,2022-01-21 16:26:52,5.3833,-52.95,79.27,86,60,12.66
43,Margate,GB,2022-01-21 16:26:52,51.3813,1.3862,41.92,76,7,4.0
44,Rio Grande,BR,2022-01-21 16:22:35,-32.035,-52.0986,87.94,69,4,14.83
45,Hermanus,ZA,2022-01-21 16:27:53,-34.4187,19.2345,92.89,53,0,19.37
46,Atuona,PF,2022-01-21 16:27:53,-9.8,-139.0333,78.24,74,43,23.11
47,Ushuaia,AR,2022-01-21 16:27:34,-54.8,-68.3,65.82,63,40,6.91
48,Laguna,US,2022-01-21 16:27:51,38.421,-121.4238,55.53,85,0,4.0
49,Tabou,CI,2022-01-21 16:27:54,4.423,-7.3528,83.5,61,4,9.37
50,West Helena,US,2022-01-21 16:27:54,34.5507,-90.6418,26.6,47,93,11.88
51,Bluff,NZ,2022-01-21 16:27:55,-46.6,168.3333,55.8,75,91,19.55
52,Souillac,MU,2022-01-21 16:27:55,-20.5167,57.5167,82.78,89,75,14.97
53,Cabra,ES,2022-01-21 16:27:55,37.4725,-4.4421,57.18,41,5,1.01
54,Kharp,RU,2022-01-21 16:27:56,66.8014,65.8081,1.56,99,99,3.0
55,Kapaa,US,2022-01-21 16:27:56,22.0752,-159.319,66.52,94,0,9.22
56,Qasigiannguit,GL,2022-01-21 16:27:56,68.8193,-51.1922,12.45,89,100,7.58
57,Hobart,AU,2022-01-21 16:25:30,-42.8794,147.3294,57.06,87,0,6.91
58,Kelme,LT,2022-01-21 16:27:57,55.6339,22.9342,30.22,80,98,19.66
59,Alice Springs,AU,2022-01-21 16:27:57,-23.7,133.8833,72.95,98,100,3.0
60,Sri Aman,MY,2022-01-21 16:27:58,1.2376,111.4621,77.05,94,99,0.0
61,Saint George,US,2022-01-21 16:27:58,37.1041,-113.5841,41.47,69,100,3.44
62,Bandarbeyla,SO,2022-01-21 16:27:58,9.4942,50.8122,76.84,75,72,21.23
63,Isangel,VU,2022-01-21 16:27:59,-19.55,169.2667,79.36,89,90,7.63
64,Pita,GN,2022-01-21 16:27:59,10.8333,-12.5833,95.0,10,41,5.53
65,Preobrazheniye,RU,2022-01-21 16:28:00,42.9019,133.9064,16.03,50,9,5.1
66,Bereda,ES,2022-01-21 16:28:00,43.2686,-7.5406,49.75,68,53,9.24
67,Empalme,MX,2022-01-21 16:28:00,27.9667,-110.8167,65.35,55,0,4.61
68,Torbay,CA,2022-01-21 16:28:01,47.6666,-52.7314,31.75,96,100,10.36
69,Husavik,IS,2022-01-21 16:28:01,66.0449,-17.3389,39.11,60,23,26.15
70,Belyy Yar,RU,2022-01-21 16:28:01,53.6039,91.3903,-12.14,95,100,0.0
71,Avarua,CK,2022-01-21 16:24:53,-21.2078,-159.775,80.65,89,100,17.27
72,Pangai,TO,2022-01-21 16:28:02,-19.8,-174.35,81.28,74,70,17.34
73,Chuy,UY,2022-01-21 16:28:02,-33.6971,-53.4616,88.84,55,23,12.01
74,Carthage,TN,2022-01-21 16:28:03,36.8611,10.3316,55.26,71,75,9.22
75,Ancud,CL,2022-01-21 16:28:03,-41.8697,-73.8203,62.42,73,99,13.31
76,Belgrade,RS,2022-01-21 16:28:03,44.804,20.4651,31.66,64,0,1.99
77,Mar Del Plata,AR,2022-01-21 16:28:04,-38.0023,-57.5575,77.88,82,100,8.99
78,Tiksi,RU,2022-01-21 16:28:04,71.6872,128.8694,-13.43,95,74,7.99
79,Murygino,RU,2022-01-21 16:28:04,58.7383,49.4582,13.98,91,100,8.7
80,Susangerd,IR,2022-01-21 16:28:05,31.5608,48.1831,46.42,31,0,10.85
81,Ribeira Grande,PT,2022-01-21 16:28:05,38.5167,-28.7,66.6,68,20,9.22
82,Kruisfontein,ZA,2022-01-21 16:28:06,-34.0033,24.7314,74.88,64,16,15.5
83,Fernie,CA,2022-01-21 16:25:20,49.5,-115.0687,23.36,97,100,3.31
84,Bethel,US,2022-01-21 16:28:06,41.3712,-73.414,19.65,56,0,1.01
85,Arraial Do Cabo,BR,2022-01-21 16:24:46,-22.9661,-42.0278,87.76,70,20,13.8
86,Puerto Ayora,EC,2022-01-21 16:23:30,-0.7393,-90.3518,80.56,81,55,8.86
87,Leningradskiy,RU,2022-01-21 16:28:07,69.3833,178.4167,-29.72,87,3,4.34
88,Haines Junction,CA,2022-01-21 16:28:07,60.7522,-137.5108,30.15,93,100,5.75
89,Kendari,ID,2022-01-21 16:28:07,-3.945,122.4989,75.25,89,100,2.55
90,Airai,TL,2022-01-21 16:28:08,-8.9266,125.4092,59.63,92,100,3.51
91,Tautira,PF,2022-01-21 16:28:08,-17.7333,-149.15,77.02,81,100,16.89
92,Bredasdorp,ZA,2022-01-21 16:28:08,-34.5322,20.0403,79.29,64,0,19.57
93,Hualmay,PE,2022-01-21 16:29:09,-11.0964,-77.6139,75.52,74,78,7.85
94,Qaanaaq,GL,2022-01-21 16:29:09,77.484,-69.3632,-1.79,95,100,11.79
95,Chokurdakh,RU,2022-01-21 16:24:14,70.6333,147.9167,-41.17,100,69,4.05
96,Wattegama,LK,2022-01-21 16:29:10,6.7989,81.4808,68.34,84,84,2.08
97,New Norfolk,AU,2022-01-21 16:29:10,-42.7826,147.0587,56.71,72,0,2.19
98,Port Said,EG,2022-01-21 16:26:02,31.2565,32.2841,56.59,53,24,7.16
99,Yenagoa,NG,2022-01-21 16:29:11,4.9247,6.2642,95.0,19,99,5.64
100,Parana,AR,2022-01-21 16:29:11,-31.732,-60.5238,101.57,40,8,14.16
101,Dicabisagan,PH,2022-01-21 16:29:11,17.0818,122.4157,74.44,91,100,9.4
102,Athabasca,CA,2022-01-21 16:29:12,54.7169,-113.2854,11.89,90,79,6.73
103,Provideniya,RU,2022-01-21 16:29:12,64.3833,-173.3,3.4,92,97,17.56
104,Meadow Lake,US,2022-01-21 16:29:13,34.8014,-106.5436,39.61,73,56,7.07
105,Mataura,NZ,2022-01-21 16:29:13,-46.1927,168.8643,55.47,93,57,3.8
106,Bakchar,RU,2022-01-21 16:29:13,57.0186,82.0711,-2.79,100,98,2.26
107,Barrow,US,2022-01-21 16:25:04,71.2906,-156.7887,-25.58,68,100,9.22
108,Oriximina,BR,2022-01-21 16:29:14,-1.7656,-55.8661,92.82,43,76,5.01
109,Hasaki,JP,2022-01-21 16:29:14,35.7333,140.8333,27.0,49,35,12.3
110,Jiaojiang,CN,2022-01-21 16:29:15,28.6803,121.4428,50.0,82,97,2.13
111,Kahului,US,2022-01-21 16:29:15,20.8947,-156.47,73.85,86,0,3.44
112,Santa Maria,BR,2022-01-21 16:29:15,-29.6842,-53.8069,97.9,44,20,5.75
113,Beidao,CN,2022-01-21 16:29:16,34.5686,105.8933,37.0,80,70,3.87
114,Florence,IT,2022-01-21 16:29:16,43.7667,11.25,48.29,71,0,6.91
115,San Joaquin,US,2022-01-21 16:29:17,37.9333,-121.3011,54.18,89,0,5.75
116,Burlington,US,2022-01-21 16:29:17,39.8835,-74.6413,23.0,47,100,13.8
117,Qaqortoq,GL,2022-01-21 16:29:17,60.7167,-46.0333,18.1,81,25,8.05
118,Bjornevatn,NO,2022-01-21 16:29:18,69.6672,29.9847,19.74,86,0,6.91
119,Xichang,CN,2022-01-21 16:29:18,27.8964,102.2634,42.35,86,34,2.66
120,Georgetown,MY,2022-01-21 16:27:36,5.4112,100.3354,83.89,84,20,1.01
121,Talnakh,RU,2022-01-21 16:29:18,69.4865,88.3972,4.51,96,98,10.71
122,Bariri,BR,2022-01-21 16:29:19,-22.0744,-48.7403,91.65,45,7,3.87
123,Gunjur,GM,2022-01-21 16:29:19,13.2019,-16.7339,96.87,23,0,6.91
124,Inhambane,MZ,2022-01-21 16:29:20,-23.865,35.3833,78.78,78,40,5.75
125,Saldanha,ZA,2022-01-21 16:29:20,-33.0117,17.9442,93.25,68,16,13.18
126,Cherskiy,RU,2022-01-21 16:29:20,68.75,161.3,-47.47,100,55,4.16
127,Hithadhoo,MV,2022-01-21 16:29:21,-0.6,73.0833,81.59,74,24,13.0
128,Jurm,AF,2022-01-21 16:29:21,36.8648,70.8342,26.47,61,54,5.95
129,Cabo San Lucas,MX,2022-01-21 16:29:21,22.8909,-109.9124,72.52,58,0,0.0
130,Sur,OM,2022-01-21 16:29:22,22.5667,59.5289,71.83,59,3,21.74
131,Colac,AU,2022-01-21 16:29:22,-38.3333,143.5833,65.62,85,0,5.26
132,Xinzhi,CN,2022-01-21 16:29:22,36.4989,111.7047,30.6,91,100,3.53
133,Sosua,DO,2022-01-21 16:29:23,19.7667,-70.5167,84.52,74,20,0.0
134,Waipawa,NZ,2022-01-21 16:29:23,-41.4122,175.5153,52.43,84,1,2.73
135,Sept-Iles,CA,2022-01-21 16:25:02,50.2001,-66.3821,-2.94,60,20,5.99
136,Berlevag,NO,2022-01-21 16:29:23,70.8578,29.0864,21.0,65,100,12.71
137,Gewane,ET,2022-01-21 16:29:24,10.1664,40.6453,83.46,33,77,6.85
138,Nouadhibou,MR,2022-01-21 16:29:24,20.931,-17.0347,71.58,56,100,10.36
139,Moissala,TD,2022-01-21 16:30:25,8.3404,17.7663,84.09,17,9,5.66
140,Dikson,RU,2022-01-21 16:30:25,73.5069,80.5464,15.3,95,100,10.98
141,Kandrian,PG,2022-01-21 16:30:26,-6.2167,149.55,78.03,86,100,4.34
142,Padang,ID,2022-01-21 16:30:26,-0.9492,100.3543,73.45,87,97,4.05
143,Manzanillo,CU,2022-01-21 16:30:26,20.3433,-77.1167,85.32,52,0,5.79
144,Port Hardy,CA,2022-01-21 16:30:17,50.6996,-127.4199,41.76,100,75,3.44
145,Port Lincoln,AU,2022-01-21 16:30:27,-34.7333,135.8667,67.95,99,100,17.81
146,Honningsvag,NO,2022-01-21 16:30:27,70.9821,25.9704,20.95,79,40,5.75
147,Kysyl-Syr,RU,2022-01-21 16:30:28,63.8986,122.7617,-4.09,99,99,2.77
148,Aksarka,RU,2022-01-21 16:30:28,66.5606,67.7975,5.43,96,98,11.41
149,Xuanzhou,CN,2022-01-21 16:30:29,30.9525,118.7553,46.24,76,100,5.55
150,Pangnirtung,CA,2022-01-21 16:30:29,66.1451,-65.7125,-25.6,75,0,0.0
151,Galesong,ID,2022-01-21 16:30:30,-5.3166,119.3661,75.22,85,100,6.2
152,Almaznyy,RU,2022-01-21 16:30:30,48.0448,40.045,30.34,98,100,7.25
153,Urusha,RU,2022-01-21 16:30:30,54.05,122.9,-18.22,97,5,2.77
154,Upernavik,GL,2022-01-21 16:30:31,72.7868,-56.1549,-5.35,91,99,3.8
155,Juba,SS,2022-01-21 16:30:31,4.8517,31.5825,85.59,23,85,4.16
156,Narsaq,GL,2022-01-21 16:30:32,60.9167,-46.05,17.82,71,17,8.3
157,Pombas,CV,2022-01-21 16:30:33,17.1503,-25.0201,73.18,75,70,11.48
158,Kavaratti,IN,2022-01-21 16:30:33,10.5669,72.642,80.6,67,86,10.96
159,Cidreira,BR,2022-01-21 16:29:01,-30.1811,-50.2056,81.81,76,8,15.79
160,Olafsvik,IS,2022-01-21 16:30:34,64.8945,-23.7142,37.54,79,74,40.13
161,Mount Isa,AU,2022-01-21 16:30:34,-20.7333,139.5,76.77,100,100,0.0
162,Dutlwe,BW,2022-01-21 16:30:35,-23.9833,23.9,86.9,17,29,11.68
163,Coihaique,CL,2022-01-21 16:30:35,-45.5752,-72.0662,63.21,65,75,9.66
164,Ilulissat,GL,2022-01-21 16:30:35,69.2167,-51.1,12.22,67,75,19.57
165,Carnarvon,AU,2022-01-21 16:30:36,-24.8667,113.6333,86.07,37,1,18.41
166,Iquique,CL,2022-01-21 16:30:36,-20.2208,-70.1431,71.64,68,88,5.17
167,Port Alfred,ZA,2022-01-21 16:30:36,-33.5906,26.891,77.72,82,9,12.33
168,Lasa,IT,2022-01-21 16:30:37,46.6166,10.7002,39.11,81,3,9.04
169,Luderitz,NA,2022-01-21 16:30:37,-26.6481,15.1594,79.39,60,64,11.45
170,Clyde River,CA,2022-01-21 16:30:38,70.4692,-68.5914,-7.37,71,75,5.75
171,Clarksville,US,2022-01-21 16:30:38,36.5298,-87.3595,27.09,62,0,5.01
172,Vaini,TO,2022-01-21 16:30:38,-21.2,-175.2,81.03,72,38,13.04
173,Bathsheba,BB,2022-01-21 16:30:39,13.2167,-59.5167,84.81,58,20,28.77
174,Kiama,AU,2022-01-21 16:30:39,-34.6833,150.8667,66.0,88,58,1.01
175,Deputatskiy,RU,2022-01-21 16:30:39,69.3,139.9,-26.59,80,50,4.21
176,Copiapo,CL,2022-01-21 16:30:40,-27.3667,-70.3333,67.69,28,0,10.0
177,Canarana,BR,2022-01-21 16:30:40,-11.6847,-41.7689,87.03,41,16,3.85
178,Fairbanks,US,2022-01-21 16:30:40,64.8378,-147.7164,6.8,78,0,3.44
179,Abu Dhabi,AE,2022-01-21 16:30:29,24.4667,54.3667,62.71,58,40,3.0
180,Sao Filipe,CV,2022-01-21 16:30:41,14.8961,-24.4956,73.9,75,90,6.71
181,Aklavik,CA,2022-01-21 16:30:41,68.2191,-135.0107,-19.37,75,0,5.75
182,Burgeo,CA,2022-01-21 16:30:17,47.6167,-57.6152,22.98,70,90,13.62
183,Vanavara,RU,2022-01-21 16:30:42,60.34,102.2797,-13.16,100,100,2.75
184,Nchelenge,ZM,2022-01-21 16:30:42,-9.3451,28.734,71.06,82,99,5.26
185,Lower Hutt,NZ,2022-01-21 16:31:43,-41.2167,174.9167,55.31,82,0,5.75
186,Estreito,BR,2022-01-21 16:31:43,-5.7833,-43.25,89.35,50,19,0.65
187,Jamestown,US,2022-01-21 16:28:13,42.097,-79.2353,13.33,41,20,4.61
188,Abnub,EG,2022-01-21 16:31:44,27.2696,31.1511,53.44,33,0,6.87
189,Mwense,ZM,2022-01-21 16:31:44,-10.3845,28.698,68.59,95,89,2.46
190,Griffith,US,2022-01-21 16:31:44,41.5284,-87.4237,23.14,67,40,1.01
191,Saint-Pierre,RE,2022-01-21 16:31:45,-21.3393,55.4781,83.88,79,0,6.91
192,Kuvshinovo,RU,2022-01-21 16:31:45,57.0295,34.1725,18.03,98,88,5.57
193,Nioki,CD,2022-01-21 16:31:46,-2.7167,17.6833,78.78,72,96,0.47
194,Tromso,NO,2022-01-21 16:31:46,69.6496,18.957,28.42,80,75,3.0
195,Walvis Bay,NA,2022-01-21 16:31:46,-22.9575,14.5053,83.35,54,98,2.3
196,Artigas,UY,2022-01-21 16:30:26,-30.4,-56.4667,105.57,21,19,9.24
197,Iralaya,HN,2022-01-21 16:31:47,15.0,-83.2333,80.69,79,21,12.5
198,Lorengau,PG,2022-01-21 16:31:47,-2.0226,147.2712,80.64,75,100,2.21
199,Slonim,BY,2022-01-21 16:31:48,53.0867,25.3219,28.58,85,100,18.81
200,Anajatuba,BR,2022-01-21 16:31:48,-3.2644,-44.6197,89.4,57,26,4.59
201,Hay River,CA,2022-01-21 16:31:48,60.8156,-115.7999,-20.22,76,40,3.44
202,Quatre Cocos,MU,2022-01-21 16:31:49,-20.2078,57.7625,82.51,85,49,17.47
203,Karratha,AU,2022-01-21 16:31:49,-20.7377,116.8463,84.63,66,79,14.54
204,Butaritari,KI,2022-01-21 16:31:49,3.0707,172.7902,80.98,76,72,14.74
205,Ngunguru,NZ,2022-01-21 16:31:50,-35.6167,174.5,56.16,88,59,6.76
206,Eureka,US,2022-01-21 16:31:50,40.8021,-124.1637,47.19,95,92,3.98
207,Skibbereen,IE,2022-01-21 16:31:51,51.55,-9.2667,42.6,86,10,4.36
208,Port Blair,IN,2022-01-21 16:31:51,11.6667,92.75,73.44,94,20,2.3
209,Samut Prakan,TH,2022-01-21 16:31:51,13.5,100.45,82.09,76,8,14.97
210,Labuan,MY,2022-01-21 16:31:52,5.2767,115.2417,77.36,94,40,1.01
211,Chimore,BO,2022-01-21 16:31:52,-16.9833,-65.1333,81.07,68,92,3.38
212,Pindiga,NG,2022-01-21 16:31:52,9.9833,10.9333,81.7,20,46,7.14
213,Namibe,AO,2022-01-21 16:31:53,-15.1961,12.1522,75.67,66,95,10.33
214,Hit,IQ,2022-01-21 16:31:53,33.6416,42.8251,43.86,35,3,5.75
215,Klaksvik,FO,2022-01-21 16:31:54,62.2266,-6.589,47.32,84,100,27.38
216,Petropavlovsk-Kamchatskiy,RU,2022-01-21 16:31:54,53.0452,158.6483,18.19,73,75,8.95
217,Dunedin,NZ,2022-01-21 16:30:45,-45.8742,170.5036,56.8,81,13,4.0
218,Gurupa,BR,2022-01-21 16:31:55,-1.405,-51.64,88.63,53,81,5.37
219,Hofn,IS,2022-01-21 16:31:55,64.2539,-15.2082,41.02,75,20,25.32
220,Surin,TH,2022-01-21 16:31:55,14.8818,103.4936,73.24,99,27,5.03
221,Sola,VU,2022-01-21 16:31:56,-13.8833,167.55,83.12,78,69,14.41
222,Wilson,US,2022-01-21 16:31:56,36.1501,-86.2833,26.49,76,40,6.91
223,New Richmond,US,2022-01-21 16:29:59,45.123,-92.5366,5.83,60,0,13.8
224,Pavino,RU,2022-01-21 16:31:57,59.1139,46.1414,13.33,92,100,9.4
225,Arlit,NE,2022-01-21 16:31:57,18.7369,7.3853,69.53,13,0,5.93
226,Zaraysk,RU,2022-01-21 16:31:57,54.7653,38.8836,19.17,95,100,10.2
227,Bozeman,US,2022-01-21 16:29:56,45.6796,-111.0386,33.22,77,100,1.99
228,Mwinilunga,ZM,2022-01-21 16:31:58,-11.7358,24.4293,63.61,96,100,4.43
229,Ahipara,NZ,2022-01-21 16:31:58,-35.1667,173.1667,58.06,89,36,4.32
230,Pisco,PE,2022-01-21 16:31:59,-13.7,-76.2167,73.45,78,0,9.22
231,Yumen,CN,2022-01-21 16:31:59,40.2833,97.2,22.21,49,100,9.06
232,Bara,NG,2022-01-21 16:31:59,10.3744,10.7288,83.98,21,40,7.4
233,Lexington,US,2022-01-21 16:29:41,37.9887,-84.4777,23.14,60,100,4.0
234,Lethem,GY,2022-01-21 16:33:00,3.3803,-59.7968,93.97,39,61,10.98
235,Holetown,BB,2022-01-21 16:33:00,13.1867,-59.6381,84.76,68,7,20.51
236,Mount Gambier,AU,2022-01-21 16:31:45,-37.8333,140.7667,66.11,63,92,6.91
237,Sao Joao Dos Patos,BR,2022-01-21 16:33:01,-6.495,-43.7022,87.49,50,4,4.97
238,Lata,PT,2022-01-21 16:33:01,40.1629,-8.3327,57.61,48,70,7.85
239,Revuca,SK,2022-01-21 16:33:02,48.6835,20.1173,29.28,83,36,7.0
240,Westport,US,2022-01-21 16:31:02,41.1415,-73.3579,21.74,50,0,1.99
241,Houston,US,2022-01-21 16:29:52,29.7633,-95.3633,39.0,53,0,4.0
242,Nabire,ID,2022-01-21 16:33:03,-3.3667,135.4833,76.15,93,100,3.65
243,Puerto Quijarro,BO,2022-01-21 16:33:03,-17.7833,-57.7667,94.77,40,90,3.4
244,Kushima,JP,2022-01-21 16:33:04,31.4583,131.2333,41.5,81,51,5.61
245,Kaitangata,NZ,2022-01-21 16:33:04,-46.2817,169.8464,56.93,73,31,6.31
246,Aksu,CN,2022-01-21 16:33:04,41.1231,80.2644,25.05,56,2,0.89
247,Monrovia,LR,2022-01-21 16:32:47,6.3005,-10.7969,92.97,61,49,11.18
248,Raybag,IN,2022-01-21 16:33:05,16.4833,74.7833,70.2,48,20,6.4
249,Cumberland,US,2022-01-21 16:33:05,35.0502,-78.8664,32.86,65,100,17.27
250,Mandalgovi,MN,2022-01-21 16:33:05,45.7625,106.2708,7.45,83,1,4.07
251,Oxapampa,PE,2022-01-21 16:33:06,-10.5775,-75.4017,66.94,87,89,3.78
252,Khani,GE,2022-01-21 16:33:06,41.9563,42.9566,26.17,80,18,8.3
253,Riyadh,SA,2022-01-21 16:29:17,24.6877,46.7219,46.54,22,0,11.23
254,Catabola,AO,2022-01-21 16:33:07,-12.15,17.2833,71.33,60,72,0.89
255,Tondon,GN,2022-01-21 16:33:07,10.3667,-13.35,89.15,11,56,3.38
256,Lebu,CL,2022-01-21 16:33:07,-37.6167,-73.65,62.2,64,0,8.7
257,Togur,RU,2022-01-21 16:33:08,58.3631,82.8265,1.54,99,98,4.21
258,Nanortalik,GL,2022-01-21 16:33:08,60.1432,-45.2371,18.73,69,44,6.55
259,Camacupa,AO,2022-01-21 16:33:09,-12.0167,17.4833,71.2,66,44,1.77
260,Santa Rita,BR,2022-01-21 16:33:09,-7.1139,-34.9781,88.47,58,75,9.22
261,Chitral,PK,2022-01-21 16:33:09,35.8462,71.7858,28.08,67,71,7.07
262,Iqaluit,CA,2022-01-21 16:33:10,63.7506,-68.5145,-31.27,66,20,3.0
263,Constitucion,CL,2022-01-21 16:31:34,-35.3333,-72.4167,67.55,51,0,9.42
264,Bokoro,TD,2022-01-21 16:33:10,12.3807,17.0568,78.49,18,24,8.41
265,La Ronge,CA,2022-01-21 16:33:11,55.1001,-105.2842,-5.55,65,20,16.11
266,Arkhonskaya,RU,2022-01-21 16:33:11,43.11,44.5125,24.46,80,3,4.47
267,Saskylakh,RU,2022-01-21 16:33:11,71.9167,114.0833,0.43,94,100,6.73
268,Tommot,RU,2022-01-21 16:33:12,58.9564,126.2925,-5.84,99,98,1.25
269,Santiago Del Estero,AR,2022-01-21 16:33:12,-27.7951,-64.2615,103.41,26,20,17.13
270,Port Hedland,AU,2022-01-21 16:33:12,-20.3167,118.5667,84.25,79,88,9.22
271,Saint-Joseph,RE,2022-01-21 16:33:13,-21.3667,55.6167,82.78,81,62,11.36
272,Umba,RU,2022-01-21 16:33:13,66.6871,34.3429,20.62,88,28,10.38
273,Tucupita,VE,2022-01-21 16:33:14,9.0622,-62.051,79.34,87,75,6.04
274,Antalaha,MG,2022-01-21 16:33:14,-14.9003,50.2788,75.69,95,100,5.41
275,Ostrovnoy,RU,2022-01-21 16:33:14,68.0531,39.5131,28.04,75,100,19.37
276,Kundiawa,PG,2022-01-21 16:33:15,-6.0167,144.9667,61.0,97,99,0.65
277,Liuzhou,CN,2022-01-21 16:33:15,24.3126,109.3892,58.23,92,100,2.44
278,Madimba,TZ,2022-01-21 16:33:16,-10.4,40.3333,81.72,83,40,13.8
279,Harrison,US,2022-01-21 16:33:16,30.4091,-89.0436,36.05,75,75,12.66
280,Pandan,PH,2022-01-21 16:33:16,14.0453,124.1694,76.15,88,48,14.56
281,Prince George,CA,2022-01-21 16:30:17,53.9166,-122.753,36.84,87,100,14.97
282,Zhezkazgan,KZ,2022-01-21 16:34:17,47.8043,67.7144,16.57,90,100,8.97
283,Abu Samrah,SY,2022-01-21 16:34:17,35.3029,37.1841,46.13,61,98,5.08
284,Shenkursk,RU,2022-01-21 16:34:18,62.1091,42.896,17.71,96,100,4.72
285,Neiafu,TO,2022-01-21 16:34:18,-18.65,-173.9833,81.68,74,100,16.87
286,Severo-Kurilsk,RU,2022-01-21 16:34:18,50.6789,156.125,29.73,79,100,14.58
287,Catumbela,AO,2022-01-21 16:34:19,-12.4314,13.5472,78.1,65,19,7.58
288,Mazagao,BR,2022-01-21 16:34:19,-0.115,-51.2894,91.45,60,37,5.7
289,Tiwi,PH,2022-01-21 16:34:19,13.4667,123.6167,71.22,89,22,7.74
290,Mokhsogollokh,RU,2022-01-21 16:34:20,61.4681,128.9203,-11.34,100,100,1.45
291,San Patricio,US,2022-01-21 16:34:20,28.017,-97.5169,39.61,46,100,11.7
292,Sijunjung,ID,2022-01-21 16:34:21,-0.6876,100.9537,71.49,97,98,1.41
293,Roald,NO,2022-01-21 16:34:21,62.5833,6.1333,41.14,100,75,9.22
294,Ixtapa,MX,2022-01-21 16:34:21,20.7,-105.2,70.83,83,100,3.44
295,Pouembout,NC,2022-01-21 16:34:22,-21.1333,164.9,75.85,90,37,3.38
296,Leshukonskoye,RU,2022-01-21 16:34:22,64.8989,45.7622,20.32,95,100,6.11
297,Puerto Carreno,CO,2022-01-21 16:34:22,6.189,-67.4859,89.58,51,75,13.8
298,Qena,EG,2022-01-21 16:34:23,26.1615,32.7183,62.71,27,0,6.04
299,Premia De Mar,ES,2022-01-21 16:34:23,41.4921,2.3652,53.19,57,7,5.01
300,Te Anau,NZ,2022-01-21 16:34:23,-45.4167,167.7167,49.82,94,24,0.4
301,Caceres,ES,2022-01-21 16:34:24,39.522,-6.3748,47.05,67,8,3.38
302,Lewisporte,CA,2022-01-21 16:29:55,49.2499,-55.0482,22.14,60,100,9.98
303,Hami,CN,2022-01-21 16:34:24,42.8,93.45,26.29,48,48,0.18
304,Alofi,NU,2022-01-21 16:34:25,-19.0595,-169.9187,78.69,83,80,9.22
305,Cicero Dantas,BR,2022-01-21 16:34:25,-10.6,-38.3833,90.57,34,63,9.06
306,Martinho Campos,BR,2022-01-21 16:34:26,-19.3317,-45.2369,85.82,57,11,0.6
307,Nipawin,CA,2022-01-21 16:30:17,53.3668,-104.0009,6.84,78,75,26.46
308,Krasnoselkup,RU,2022-01-21 16:34:26,65.7,82.4667,4.82,97,30,11.68
309,Dingle,PH,2022-01-21 16:34:27,10.9995,122.6711,73.76,91,58,7.18
310,Esna,EG,2022-01-21 16:34:27,25.2934,32.554,62.62,26,0,10.07
311,Wajima,JP,2022-01-21 16:34:27,37.4,136.9,34.92,63,96,8.66
312,Baker City,US,2022-01-21 16:32:14,44.7749,-117.8344,33.58,86,0,6.91
313,Sakakah,SA,2022-01-21 16:34:28,29.9697,40.2064,47.77,38,0,6.89
314,Shingu,JP,2022-01-21 16:34:28,33.7333,135.9833,31.44,77,98,6.26
315,Mareeba,AU,2022-01-21 16:34:29,-17.0,145.4333,73.44,91,100,2.64
316,Marsh Harbour,BS,2022-01-21 16:34:29,26.5412,-77.0636,77.68,75,49,12.06
317,Progreso,MX,2022-01-21 16:34:29,21.2833,-89.6667,78.91,57,93,4.88
318,Mitu,CO,2022-01-21 16:34:30,1.1983,-70.1733,83.23,71,63,2.57
319,Ulagan,RU,2022-01-21 16:34:30,50.6321,87.9563,-8.3,97,59,2.15
320,Altay,CN,2022-01-21 16:34:30,47.8667,88.1167,6.35,64,6,7.31
321,Port Augusta,AU,2022-01-21 16:34:31,-32.5,137.7667,82.71,66,100,8.41
322,Korem,ET,2022-01-21 16:34:32,12.5058,39.5228,51.84,74,6,5.73
323,Porto De Moz,BR,2022-01-21 16:34:32,-1.7483,-52.2383,88.32,52,100,3.31
324,Port Elizabeth,ZA,2022-01-21 16:34:32,-33.918,25.5701,77.29,83,75,11.5
325,Necochea,AR,2022-01-21 16:35:33,-38.5473,-58.7368,78.04,73,88,6.89
326,Sistranda,NO,2022-01-21 16:35:33,63.7256,8.834,36.9,91,100,17.52
327,Muswellbrook,AU,2022-01-21 16:35:34,-32.2667,150.9,62.33,96,44,4.29
328,Mana,GF,2022-01-21 16:35:34,5.6592,-53.7767,79.59,85,69,11.7
329,Terrace,CA,2022-01-21 16:35:34,54.5163,-128.6035,40.42,100,75,23.02
330,Bengkulu,ID,2022-01-21 16:35:35,-3.8004,102.2655,75.65,90,97,5.39
331,Winsum,NL,2022-01-21 16:35:35,53.33,6.5208,44.58,90,100,21.45
332,Luganville,VU,2022-01-21 16:35:35,-15.5333,167.1667,79.18,89,7,5.28
333,Zhongshu,CN,2022-01-21 16:35:36,24.5167,103.7667,44.37,99,49,4.72
334,Victoria,HK,2022-01-21 16:35:12,22.2855,114.1577,66.18,86,100,1.99
335,Sitka,US,2022-01-21 16:35:36,57.0531,-135.33,48.09,71,100,10.36
336,Stornoway,GB,2022-01-21 16:35:27,58.2093,-6.3865,46.36,90,75,5.99
337,Baghdad,IQ,2022-01-21 16:31:39,33.3406,44.4009,40.91,38,0,4.61
338,Kapit,MY,2022-01-21 16:35:37,2.0167,112.9333,72.07,99,100,0.96
339,Bani Walid,LY,2022-01-21 16:35:37,31.7566,13.9942,56.03,40,50,8.79
340,Matay,EG,2022-01-21 16:35:38,28.419,30.7792,52.45,43,0,8.77
341,Auki,SB,2022-01-21 16:35:38,-8.7676,160.7034,76.35,92,100,1.72
342,Rapar,IN,2022-01-21 16:35:39,23.5667,70.6333,72.07,76,0,16.87
343,Maarianhamina,AX,2022-01-21 16:35:39,60.0973,19.9348,30.06,69,40,16.11
344,Ugoofaaru,MV,2022-01-21 16:35:39,5.6667,73.0,81.14,65,81,8.93
345,Ikwiriri,TZ,2022-01-21 16:35:40,-7.9562,38.9716,77.13,82,60,4.63
346,Solnechnyy,RU,2022-01-21 16:35:40,50.7214,136.6319,-13.77,99,32,3.22
347,San Vicente,AR,2022-01-21 16:35:40,-26.6167,-54.1333,97.41,25,14,5.32
348,Fuerte Olimpo,PY,2022-01-21 16:35:41,-21.0415,-57.8738,96.85,34,59,13.62
349,Omsukchan,RU,2022-01-21 16:35:41,62.5333,155.8,-24.36,79,0,4.21
350,Warrington,GB,2022-01-21 16:35:42,53.3925,-2.5802,45.45,79,75,3.0
351,Hambantota,LK,2022-01-21 16:35:42,6.1241,81.1185,75.74,75,22,2.98
352,Saint-Paul,RE,2022-01-21 16:35:43,-21.0096,55.2707,84.31,80,65,1.43
353,Presidente Epitacio,BR,2022-01-21 16:35:43,-21.7633,-52.1156,97.38,28,16,7.74
354,Portland,US,2022-01-21 16:32:04,45.5234,-122.6762,44.11,95,75,3.0
355,Suslovo,RU,2022-01-21 16:35:44,56.2167,88.1167,-0.18,98,36,5.37
356,Kenai,US,2022-01-21 16:35:44,60.5544,-151.2583,31.08,96,100,27.63
357,Ambon,ID,2022-01-21 16:35:45,-3.6954,128.1814,77.14,94,40,3.44
358,Naze,JP,2022-01-21 16:35:45,28.3667,129.4833,56.64,66,99,14.16
359,Puerto Escondido,MX,2022-01-21 16:34:46,15.85,-97.0667,83.23,69,0,5.75
360,Thurso,GB,2022-01-21 16:35:45,58.5927,-3.5259,46.35,79,58,23.78
361,Acarau,BR,2022-01-21 16:35:46,-2.8856,-40.12,85.28,63,65,13.91
362,Mocuba,MZ,2022-01-21 16:35:46,-16.8392,36.9856,75.29,75,97,5.19
363,Yatou,CN,2022-01-21 16:35:46,37.15,122.3833,29.91,59,100,2.24
364,San Cristobal,VE,2022-01-21 16:35:10,7.7669,-72.225,77.18,33,45,6.4
365,Pennagaram,IN,2022-01-21 16:35:47,12.1333,77.9,72.7,51,95,1.45
366,Tomigusuku,JP,2022-01-21 16:35:47,26.185,127.675,62.37,63,74,3.44
367,Fallon,US,2022-01-21 16:32:19,39.4735,-118.7774,40.28,70,40,6.91
368,Nantucket,US,2022-01-21 16:33:56,41.2835,-70.0995,28.51,78,100,20.65
369,Wajir,KE,2022-01-21 16:35:48,1.7471,40.0573,89.42,24,72,10.2
370,Ust-Nera,RU,2022-01-21 16:35:48,64.5667,143.2,-37.12,97,98,3.33
371,Rockport,US,2022-01-21 16:36:19,28.0206,-97.0544,39.22,58,40,4.0
372,Gornopravdinsk,RU,2022-01-21 16:36:49,60.05,69.9,14.16,92,100,8.75
373,Alyangula,AU,2022-01-21 16:36:49,-13.8483,136.4192,78.67,100,95,1.14
374,Botucatu,BR,2022-01-21 16:36:50,-22.8858,-48.445,85.5,41,7,5.3
375,Itarema,BR,2022-01-21 16:36:50,-2.9248,-39.9167,85.73,60,77,12.75
376,Floriano,BR,2022-01-21 16:36:03,-6.7669,-43.0225,95.04,38,19,1.66
377,Zaysan,KZ,2022-01-21 16:36:50,47.4667,84.8667,0.1,88,84,2.77
378,Comodoro Rivadavia,AR,2022-01-21 16:36:51,-45.8667,-67.5,78.66,31,40,24.16
379,Huangchuan,CN,2022-01-21 16:36:51,32.1272,115.0394,39.4,88,100,5.32
380,Sar-E Pul,AF,2022-01-21 16:36:51,35.8333,66.1667,27.0,97,100,7.56
381,Ternate,ID,2022-01-21 16:36:52,0.8,127.4,79.05,83,97,10.54
382,Zharkent,KZ,2022-01-21 16:36:52,44.1628,80.0,32.09,44,0,1.05
383,Boende,CD,2022-01-21 16:36:52,-0.2167,20.8667,82.18,44,49,3.09
384,Hovd,MN,2022-01-21 16:36:53,48.0056,91.6419,5.85,94,96,3.83
385,Carmen,MX,2022-01-21 16:33:07,18.6333,-91.8333,77.04,78,40,9.22
386,El Paso,US,2022-01-21 16:36:53,31.8001,-106.2005,42.51,46,20,4.61
387,Komsomolskiy,UZ,2022-01-21 16:36:54,40.4272,71.7189,36.82,69,9,4.61
388,Abu Kamal,SY,2022-01-21 16:36:54,34.4506,40.9171,45.39,47,5,7.78
389,Abidjan,CI,2022-01-21 16:36:55,5.3094,-4.0197,87.76,58,11,6.91
390,Kedrovyy,RU,2022-01-21 16:36:55,56.1667,91.8167,-5.39,100,97,3.53
391,Juegang,CN,2022-01-21 16:36:55,32.3174,121.1855,42.91,82,73,9.15
392,Samut Sakhon,TH,2022-01-21 16:36:56,13.5833,100.3,82.04,76,6,12.03
393,Erzin,TR,2022-01-21 16:36:56,36.9559,36.2,43.32,80,99,5.12
394,Obo,CF,2022-01-21 16:36:56,5.3998,26.4869,79.75,24,71,5.17
395,Itoman,JP,2022-01-21 16:36:57,26.1247,127.6694,62.62,63,73,3.44
396,Usinsk,RU,2022-01-21 16:36:57,65.9939,57.5281,18.16,91,100,20.42
397,Bonawon,PH,2022-01-21 16:36:57,9.134,122.9193,77.77,82,95,6.93
398,Verkhoyansk,RU,2022-01-21 16:36:58,67.5447,133.385,-28.23,91,98,0.54
399,Yulara,AU,2022-01-21 16:36:58,-25.2406,130.9889,78.64,73,75,10.36
400,Asfi,MA,2022-01-21 16:36:59,32.2994,-9.2372,65.68,56,41,15.05
401,Timizart,DZ,2022-01-21 16:36:59,36.8,4.2667,46.78,81,7,6.2
402,Port-Gentil,GA,2022-01-21 16:36:59,-0.7193,8.7815,84.16,74,20,13.8
403,Waingapu,ID,2022-01-21 16:37:00,-9.6567,120.2641,76.53,84,100,7.7
404,Kabare,CD,2022-01-21 16:37:00,-2.4683,28.8242,62.55,94,100,1.12
405,Port Keats,AU,2022-01-21 16:37:01,-14.25,129.55,79.63,88,68,7.05
406,Troitskoye,RU,2022-01-21 16:37:01,52.9821,84.6757,0.97,93,6,5.59
407,Dawei,MM,2022-01-21 16:37:01,14.0833,98.2,71.11,90,21,2.44
408,Seymchan,RU,2022-01-21 16:37:02,62.8833,152.4333,-43.47,97,33,0.98
409,Waterboro,US,2022-01-21 16:37:02,43.5356,-70.7151,16.16,50,0,3.0
410,Kawaguchi,JP,2022-01-21 16:37:02,35.805,139.7206,39.9,39,0,6.22
411,Bull Savanna,JM,2022-01-21 16:37:03,17.8868,-77.5902,82.78,53,0,11.48
412,Voznesenye,RU,2022-01-21 16:37:03,61.0106,35.4781,21.78,96,100,5.08
413,Mahon,ES,2022-01-21 16:37:04,39.8885,4.2658,48.76,66,40,17.27
414,Tandlianwala,PK,2022-01-21 16:37:04,31.0333,73.1333,58.08,65,99,7.61
415,Valasske Klobouky,CZ,2022-01-21 16:37:04,49.1406,18.0076,29.57,84,42,11.14
416,Mbandaka,CD,2022-01-21 16:37:05,0.0487,18.2603,83.88,47,44,1.7
417,Marsa Matruh,EG,2022-01-21 16:37:05,31.3525,27.2453,55.2,46,11,5.82
418,Mandan,US,2022-01-21 16:37:05,46.8267,-100.8896,37.58,88,100,18.41
419,Bandar-E Lengeh,IR,2022-01-21 16:38:06,26.5579,54.8807,57.31,58,0,6.91
420,Krasnyy Profintern,RU,2022-01-21 16:38:06,57.7446,40.435,19.42,94,100,13.76
421,Cayenne,GF,2022-01-21 16:38:06,4.9333,-52.3333,75.24,92,75,5.75
422,Norman Wells,CA,2022-01-21 16:38:07,65.282,-126.8329,-41.76,66,20,5.75
423,Ballina,AU,2022-01-21 16:38:07,-28.8667,153.5667,71.56,79,75,13.8
424,Pokhara,NP,2022-01-21 16:38:08,28.2333,83.9833,51.13,68,92,3.76
425,Assomada,CV,2022-01-21 16:38:08,15.1,-23.6833,72.95,71,100,7.81
426,Jalu,LY,2022-01-21 16:38:08,29.0331,21.5482,56.86,40,5,5.37
427,Kamenka,RU,2022-01-21 16:38:09,51.3223,42.7678,29.88,97,100,18.99
428,Chara,RU,2022-01-21 16:38:10,56.9064,118.2631,-9.87,70,61,0.38
429,Caravelas,BR,2022-01-21 16:38:10,-17.7125,-39.2481,84.81,62,32,10.45
430,Poltavka,RU,2022-01-21 16:38:10,54.3663,71.7632,1.22,95,90,6.98
431,Negombo,LK,2022-01-21 16:38:11,7.2083,79.8358,77.05,73,0,4.61
432,Cape Coast,GH,2022-01-21 16:38:11,5.1053,-1.2466,83.46,51,43,10.74
433,Dharchula,IN,2022-01-21 16:38:11,29.85,80.5333,43.97,68,78,6.26
434,Kungurtug,RU,2022-01-21 16:38:12,50.5994,97.5228,8.96,97,100,1.39
435,South River,US,2022-01-21 16:38:12,40.4465,-74.386,23.09,47,100,4.0
436,Chumikan,RU,2022-01-21 16:38:12,54.7183,135.315,-8.01,87,9,20.36
437,Moses Lake,US,2022-01-21 16:35:07,47.1301,-119.2781,34.61,86,0,6.91
438,Altamont,US,2022-01-21 16:38:13,42.2068,-121.7372,32.77,84,0,3.0
439,Stokmarknes,NO,2022-01-21 16:38:13,68.5646,14.9108,33.76,55,75,6.91
440,Nizhniy Kuranakh,RU,2022-01-21 16:38:14,58.8353,125.4869,-4.04,98,97,2.42
441,Suez,EG,2022-01-21 16:38:14,29.9737,32.5263,54.14,49,2,9.13
442,Macau,MO,2022-01-21 16:34:48,22.2006,113.5461,66.85,88,40,12.66
443,Bilma,NE,2022-01-21 16:38:15,18.6853,12.9164,64.63,18,0,7.81
444,Chodavaram,IN,2022-01-21 16:38:15,17.8333,82.95,75.04,71,14,2.98
445,Sinjai,ID,2022-01-21 16:38:16,-5.1241,120.253,74.57,86,100,5.55
446,Geraldton,AU,2022-01-21 16:38:16,-28.7667,114.6,76.12,68,0,6.91
447,Saint-Francois,FR,2022-01-21 16:38:16,46.4154,3.9054,38.64,60,75,10.36
448,Verkhnyaya Inta,RU,2022-01-21 16:38:17,65.9811,60.3094,22.77,84,100,15.88
449,Okato,NZ,2022-01-21 16:38:17,-39.2,173.8833,58.68,74,0,4.16
450,Port Moresby,PG,2022-01-21 16:38:17,-9.4431,147.1797,75.4,87,99,3.78
451,Ketchikan,US,2022-01-21 16:36:22,55.3422,-131.6461,43.27,93,100,17.27
452,Putina,PE,2022-01-21 16:38:18,-15.4667,-69.4333,51.33,60,99,7.54
453,Bowen,AU,2022-01-21 16:38:18,-20.0167,148.2333,73.62,73,98,21.43
454,Tual,ID,2022-01-21 16:38:19,-5.6667,132.75,83.1,78,100,19.71
455,Fare,PF,2022-01-21 16:38:19,-16.7,-151.0167,80.11,76,100,14.65
456,Ballinasloe,IE,2022-01-21 16:38:19,53.3275,-8.2194,41.34,88,12,5.03
457,Naushki,RU,2022-01-21 16:38:20,50.3828,106.1056,3.13,98,100,0.81
458,Lufkin,US,2022-01-21 16:34:22,31.3382,-94.7291,35.83,42,0,9.22
459,Raudeberg,NO,2022-01-21 16:38:21,61.9875,5.1352,41.86,96,100,1.01
460,Linfen,CN,2022-01-21 16:38:21,36.0889,111.5189,30.69,95,99,0.43
461,Wembley,AU,2022-01-21 16:38:21,-31.9333,115.8,83.68,35,0,5.75
462,Burnie,AU,2022-01-21 16:38:22,-41.0667,145.9167,57.94,94,1,7.96
463,Leh,IN,2022-01-21 16:39:22,34.1667,77.5833,-3.06,83,38,3.38
464,Zhigansk,RU,2022-01-21 16:39:22,66.7697,123.3711,-14.06,97,100,15.41
465,Sorong,ID,2022-01-21 16:39:23,-0.8833,131.25,80.15,80,100,4.07
466,Kanluran,PH,2022-01-21 16:39:23,14.4167,120.85,79.14,79,35,10.09
467,Toro,CO,2022-01-21 16:39:24,4.6117,-76.0814,81.68,66,95,2.21
468,Davila,PH,2022-01-21 16:39:24,18.4726,120.5763,76.3,78,2,5.57
469,Mortka,RU,2022-01-21 16:39:24,59.3322,66.0214,15.12,95,98,6.49
470,Derzhavinsk,KZ,2022-01-21 16:39:25,51.1,66.3167,0.16,99,79,6.44
471,Lokosovo,RU,2022-01-21 16:39:26,61.1333,74.8167,13.71,88,98,10.49
472,Sembakung,ID,2022-01-21 16:39:26,3.8167,117.25,73.15,100,100,0.47
473,Kuala Terengganu,MY,2022-01-21 16:39:26,5.3302,103.1408,78.75,83,20,0.0
474,Vrangel,RU,2022-01-21 16:39:27,42.7297,133.0839,15.82,53,27,7.85
475,Adrar,MR,2022-01-21 16:39:27,20.5022,-10.0711,81.03,15,99,14.03
476,Mgandu,TZ,2022-01-21 16:39:27,-5.95,34.1333,63.01,91,98,2.8
477,Kachiry,KZ,2022-01-21 16:39:28,53.0675,76.1036,2.46,94,100,6.46
478,Luanda,AO,2022-01-21 16:39:28,-8.8368,13.2343,84.2,61,0,12.66
479,Morondava,MG,2022-01-21 16:39:29,-20.2833,44.2833,83.03,70,97,9.53
480,Shubarkuduk,KZ,2022-01-21 16:39:29,49.1447,56.4872,3.78,91,100,5.21
481,Mayumba,GA,2022-01-21 16:39:29,-3.432,10.6554,78.8,84,85,9.1
482,Sayansk,RU,2022-01-21 16:39:30,54.1088,102.1648,-12.01,100,100,1.9
483,Coquimbo,CL,2022-01-21 16:39:30,-29.9533,-71.3436,67.73,59,0,14.97
484,Ialibu,PG,2022-01-21 16:39:31,-6.2821,143.9935,53.98,95,94,2.8
485,Bay Roberts,CA,2022-01-21 16:39:31,47.5999,-53.2648,32.65,90,100,5.01
486,Nanakuli,US,2022-01-21 16:39:32,21.3906,-158.1547,69.75,88,0,4.61
487,Suicheng,CN,2022-01-21 16:39:32,33.8963,117.9331,40.98,75,100,9.19
488,Marshall,US,2022-01-21 16:38:45,34.3834,-86.3333,32.32,74,100,8.05
489,Pevek,RU,2022-01-21 16:39:33,69.7008,170.3133,-35.0,99,26,4.29
490,Esil,KZ,2022-01-21 16:39:33,51.9556,66.4042,-5.08,100,56,4.12
491,Toora-Khem,RU,2022-01-21 16:39:33,52.4675,96.11,11.1,97,100,1.57
492,Huilong,CN,2022-01-21 16:39:34,31.8111,121.655,48.04,80,81,7.85
493,Kalemie,CD,2022-01-21 16:39:34,-5.9475,29.1947,71.87,85,89,1.77
494,Muros,ES,2022-01-21 16:39:34,42.7762,-9.0603,58.68,47,25,9.78
495,Vila Franca Do Campo,PT,2022-01-21 16:39:35,37.7167,-25.4333,64.81,76,24,14.18
496,Khasan,RU,2022-01-21 16:39:35,42.4308,130.6434,15.94,57,10,5.3
497,Rockland,US,2022-01-21 16:36:55,41.1668,-74.0496,20.12,51,100,1.01
498,Sarangani,PH,2022-01-21 16:39:35,5.4033,125.4636,81.34,76,88,9.84
499,Najran,SA,2022-01-21 16:39:36,17.4924,44.1277,57.85,56,5,10.83
500,Karpogory,RU,2022-01-21 16:39:36,64.0019,44.4451,19.18,96,100,4.99
501,Santiago De Cuba,CU,2022-01-21 16:39:37,20.0247,-75.8219,84.31,58,20,5.75
502,Samarai,PG,2022-01-21 16:39:37,-10.6167,150.6667,80.19,78,100,8.5
503,Mitoc,RO,2022-01-21 16:39:37,48.1,27.0333,33.89,59,83,16.15
504,Kallithea,GR,2022-01-21 16:39:38,37.95,23.7,57.45,66,40,3.0
505,Revda,RU,2022-01-21 16:39:38,56.801,59.9303,9.41,99,91,3.89
506,Tuatapere,NZ,2022-01-21 16:40:39,-46.1333,167.6833,55.81,90,38,4.79
507,Flinders,AU,2022-01-21 16:40:39,-34.5833,150.8552,65.8,85,67,3.0
508,Gogrial,SS,2022-01-21 16:40:39,8.5332,28.1004,80.29,18,30,5.66
509,Dhidhdhoo,MV,2022-01-21 16:40:40,6.8833,73.1,80.98,64,76,5.08
510,Methven,NZ,2022-01-21 16:40:40,-43.6333,171.65,51.03,96,19,1.01
511,Vestmannaeyjar,IS,2022-01-21 16:40:40,63.4427,-20.2734,41.99,70,40,24.16
512,Mashhad,IR,2022-01-21 16:40:41,36.297,59.6062,33.94,55,0,23.02
513,Tilichiki,RU,2022-01-21 16:40:41,60.4667,166.1,-17.99,83,1,8.55
514,Praya,CV,2022-01-21 16:40:42,14.9215,-23.5087,77.54,61,75,14.97
515,Okha,RU,2022-01-21 16:40:42,53.5739,142.9478,-4.65,88,24,14.45
516,Olinda,BR,2022-01-21 16:40:42,-8.0089,-34.8553,85.73,66,20,8.05
517,Bartlesville,US,2022-01-21 16:40:43,36.7473,-95.9808,27.16,65,0,0.0
518,Lewiston,US,2022-01-21 16:39:05,44.1003,-70.2148,15.48,51,2,1.01
519,Noumea,NC,2022-01-21 16:40:43,-22.2763,166.4572,78.01,99,41,9.42
520,Porto Nacional,BR,2022-01-21 16:40:43,-10.7081,-48.4172,89.6,50,3,3.38
521,Nhulunbuy,AU,2022-01-21 16:40:44,-12.2333,136.7667,81.21,89,75,4.61
522,Mehamn,NO,2022-01-21 16:40:44,71.0357,27.8492,26.55,74,75,6.91
523,Tavda,RU,2022-01-21 16:40:45,58.0425,65.2726,12.97,94,98,6.58
524,Vostok,RU,2022-01-21 16:40:45,46.4856,135.8833,-18.65,99,82,4.52
525,Mongoumba,CF,2022-01-21 16:40:45,3.6415,18.5936,84.13,24,5,2.71
526,Havelock,US,2022-01-21 16:37:39,34.8791,-76.9013,33.78,91,100,1.01
527,Yarada,IN,2022-01-21 16:40:46,17.65,83.2667,75.52,94,40,2.3
528,Santa Rosa,PH,2022-01-21 16:40:46,14.3122,121.1114,79.09,80,23,9.53
529,Guerrero Negro,MX,2022-01-21 16:39:40,27.9769,-114.0611,65.26,43,0,8.84
530,San Ramon,US,2022-01-21 16:39:16,37.7799,-121.978,58.53,62,0,1.01
531,Korla,CN,2022-01-21 16:40:47,41.7597,86.1469,27.88,59,0,3.85
532,Bairiki,KI,2022-01-21 16:40:47,1.3292,172.9752,80.6,83,20,8.05
533,Vanino,RU,2022-01-21 16:40:47,49.0869,140.2543,1.09,84,57,5.75
534,Lavrentiya,RU,2022-01-21 16:40:48,65.5833,-171.0,-2.81,81,100,23.42
535,Gizo,SB,2022-01-21 16:40:48,-8.103,156.8419,80.46,80,99,6.13
536,Opuwo,NA,2022-01-21 16:40:49,-18.0607,13.84,74.97,59,100,3.8
537,Chernushka,RU,2022-01-21 16:40:49,56.5072,56.0766,-3.75,100,91,3.65
538,Gigmoto,PH,2022-01-21 16:40:49,13.7796,124.39,76.5,88,54,13.67
539,Myaundzha,RU,2022-01-21 16:40:50,63.0494,147.1858,-34.29,87,32,4.09
540,Krasnyy Chikoy,RU,2022-01-21 16:40:50,50.3643,108.7512,-0.26,99,98,1.7
541,Prachuap Khiri Khan,TH,2022-01-21 16:40:50,12.2167,99.75,67.37,91,57,3.69
542,Khabary,RU,2022-01-21 16:40:51,53.6259,79.5345,-7.01,100,65,3.91
543,Shiyan,CN,2022-01-21 16:40:51,32.6475,110.7781,32.4,88,98,2.15
544,Qinzhou,CN,2022-01-21 16:40:51,21.95,108.6167,65.34,92,100,4.32
545,Ferrol,ES,2022-01-21 16:40:52,43.4832,-8.2369,54.12,60,29,15.77
546,Oktyabrskoye,RU,2022-01-21 16:40:52,43.0645,44.7417,23.14,85,2,4.47
547,Maldonado,UY,2022-01-21 16:40:52,-34.6667,-54.9167,90.23,45,95,10.04
548,Razdolinsk,RU,2022-01-21 16:40:53,58.4211,94.6658,-7.24,100,75,3.83
549,San Andres,CO,2022-01-21 16:39:14,12.5847,-81.7006,84.22,70,40,16.11
550,Marovoay,MG,2022-01-21 16:40:53,-16.1,46.6333,80.74,88,98,4.61
551,Faanui,PF,2022-01-21 16:40:54,-16.4833,-151.75,80.56,76,100,15.86
552,Petawawa,CA,2022-01-21 16:40:54,45.9001,-77.3328,4.05,75,6,2.26
553,Sobolevo,RU,2022-01-21 16:40:54,54.4299,31.8996,23.36,94,100,11.97
554,Plainview,US,2022-01-21 16:40:55,40.7765,-73.4673,21.58,53,0,1.99
555,Port-De-Bouc,FR,2022-01-21 16:40:55,43.4,4.9833,48.69,51,0,18.41
556,Bosaso,SO,2022-01-21 16:41:55,11.2842,49.1816,75.29,74,82,6.6
557,Labuhan,ID,2022-01-21 16:41:56,-6.8844,112.2051,77.56,88,93,7.23
558,Kununurra,AU,2022-01-21 16:41:56,-15.7667,128.7333,76.98,100,75,1.14
559,Koumac,NC,2022-01-21 16:41:56,-20.5667,164.2833,77.58,86,5,1.7
560,Praia Da Vitoria,PT,2022-01-21 16:41:57,38.7333,-27.0667,64.76,82,75,17.54
561,Kiunga,PG,2022-01-21 16:41:57,-6.1219,141.2906,73.99,100,100,1.43
562,Iracoubo,GF,2022-01-21 16:41:58,5.4802,-53.2011,79.27,86,67,12.12
563,Zhengjiatun,CN,2022-01-21 16:41:58,43.5064,123.5064,5.18,81,74,5.14
564,Marawi,PH,2022-01-21 16:41:58,7.9986,124.2928,67.64,92,95,0.94
565,Santa Fe,AR,2022-01-21 16:41:59,-31.6333,-60.7,102.02,37,10,11.01
566,Sawtell,AU,2022-01-21 16:41:59,-30.3833,153.1,68.02,93,75,16.11
567,Vao,NC,2022-01-21 16:42:00,-22.6667,167.4833,77.7,85,98,15.14
568,Sao Jose Da Coroa Grande,BR,2022-01-21 16:42:00,-8.8978,-35.1478,85.44,60,11,9.51
569,Dhandhuka,IN,2022-01-21 16:42:00,22.3667,71.9833,74.34,61,2,15.14
570,Saint-Felicien,CA,2022-01-21 16:42:01,48.6501,-72.4491,-15.92,63,0,2.3
571,Bojonegoro,ID,2022-01-21 16:42:01,-7.1502,111.8817,74.61,95,100,4.72
572,Kafue,ZM,2022-01-21 16:42:02,-15.7691,28.1814,66.43,88,96,4.34
573,Vardo,NO,2022-01-21 16:42:02,70.3705,31.1107,21.18,79,40,12.66
